WORDS,
the,
be,
of,
and,
to,
a,
in,
have,
it,
you,
for,
not,
that,
on,
with,
do,
as,
he,
we,
this,
at,
they,
but,
from,
by,
will,
or,
his,
say,
go,
she,
so,
all,
about,
if,
one,
my,
know,
there,
which,
can,
get,
her,
would,
think,
like,
more,
their,
your,
when,
what,
make,
time,
who,
see,
up,
people,
some,
out,
me,
good,
other,
year,
well,
our,
very,
just,
them,
no,
take,
because,
come,
could,
use,
work,
then,
now,
also,
than,
him,
into,
only,
want,
look,
these,
its,
new,
give,
first,
way,
thing,
any,
over,
right,
after,
find,
day,
where,
most,
should,
need,
much,
how,
back,
mean,
may,
such,
us,
here,
really,
even,
company,
those,
many,
child,
tell,
last,
call,
down,
yes,
before,
man,
through,
show,
life,
between,
lot,
feel,
place,
change,
long,
too,
pause,
still,
write,
problem,
talk,
try,
something,
unclear,
same,
great,
number,
leave,
little,
both,
meet,
help,
own,
ask,
part,
country,
put,
point,
start,
school,
each,
become,
interest,
old,
off,
another,
different,
high,
next,
include,
late,
why,
live,
end,
world,
week,
must,
while,
never,
study,
kind,
report,
play,
house,
group,
might,
home,
course,
let,
case,
system,
again,
hear,
woman,
family,
book,
seem,
around,
during,
keep,
big,
follow,
every,
question,
under,
important,
always,
friend,
however,
set,
hand,
provide,
small,
turn,
state,
begin,
run,
since,
early,
money,
few,
bring,
market,
information,
area,
move,
business,
service,
government,
fact,
issue,
thank,
large,
result,
read,
month,
order,
increase,
name,
love,
word,
without,
open,
pay,
offer,
build,
I,
hold,
happen,
against,
away,
job,
buy,
though,
today,
example,
believe,
plan,
second,
program,
student,
form,
young,
lead,
face,
close,
room,
hope,
cost,
head,
car,
understand,
hour,
far,
actually,
spend,
level,
city,
present,
less,
idea,
reason,
learn,
until,
member,
process,
person,
experience,
night,
support,
sure,
sort,
quite,
bad,
once,
enough,
although,
within,
age,
term,
whether,
able,
share,
line,
product,
speak,
side,
train,
soon,
low,
price,
public,
often,
possible,
least,
parent,
consider,
effect,
rather,
control,
view,
story,
local,
anything,
together,
value,
hard,
stand,
visit,
watch,
color,
party,
bit,
continue,
ever,
eye,
base,
concern,
letter,
center,
lose,
yet,
almost,
development,
already,
test,
probably,
sale,
rate,
nothing,
whole,
suggest,
language,
deal,
send,
expect,
fall,
return,
water,
per,
allow,
cause,
power,
sit,
walk,
mother,
among,
care,
subject,
develop,
stay,
record,
mind,
remember,
past,
office,
force,
grow,
town,
light,
stop,
several,
period,
class,
matter,
food,
social,
require,
political,
win,
decide,
staff,
figure,
real,
future,
policy,
answer,
laugh,
remain,
ago,
type,
shop,
security,
receive,
note,
minute,
fund,
top,
game,
involve,
account,
half,
history,
create,
break,
moment,
individual,
across,
either,
music,
further,
reach,
clear,
rule,
computer,
wait,
sound,
team,
along,
research,
appear,
drive,
activity,
black,
produce,
free,
general,
body,
toward,
please,
sense,
perhaps,
add,
everything,
law,
easy,
sell,
full,
film,
model,
war,
forward,
himself,
maybe,
design,
morning,
pass,
condition,
near,
door,
human,
above,
available,
position,
agree,
short,
situation,
paper,
cover,
major,
customer,
father,
bear,
choose,
main,
describe,
someone,
date,
event,
nice,
special,
certain,
phone,
join,
else,
girl,
sometimes,
table,
community,
carry,
decision,
role,
president,
particular,
cut,
difference,
die,
eat,
enjoy,
rise,
especially,
detail,
data,
charge,
practice,
cell,
improve,
kid,
action,
strong,
happy,
health,
economic,
difficult,
regard,
travel,
approach,
amount,
investment,
white,
draw,
site,
round,
behind,
claim,
step,
patient,
true,
teacher,
range,
percent,
themselves,
organization,
vote,
front,
measure,
trade,
therefore,
finally,
raise,
wear,
industry,
explain,
relationship,
quality,
accord,
outside,
wish,
death,
project,
land,
sign,
boy,
news,
risk,
total,
couple,
national,
list,
opportunity,
act,
sport,
road,
kill,
serve,
education,
picture,
likely,
standard,
benefit,
stage,
performance,
rest,
certainly,
culture,
focus,
itself,
arrive,
employee,
upon,
voice,
due,
technology,
field,
air,
material,
current,
teach,
financial,
century,
society,
analysis,
limit,
evidence,
reduce,
listen,
usually,
lie,
foot,
single,
common,
space,
realize,
former,
animal,
instead,
similar,
thus,
address,
leader,
complete,
arm,
function,
chance,
mention,
factor,
contact,
response,
demand,
exist,
accept,
save,
opinion,
pick,
wrong,
apply,
compare,
suppose,
choice,
structure,
fight,
relate,
firm,
feature,
ground,
effort,
source,
pretty,
campaign,
check,
okay,
street,
foreign,
attention,
personal,
particularly,
park,
whose,
knowledge,
contain,
official,
court,
bank,
article,
wife,
management,
manager,
section,
finish,
guy,
fine,
store,
attack,
discuss,
stock,
prepare,
fire,
piece,
heart,
forget,
police,
recent,
behavior,
represent,
growth,
page,
holiday,
affect,
establish,
wonder,
poor,
manage,
addition,
bed,
simply,
recently,
yesterday,
surprise,
sorry,
art,
method,
fast,
stuff,
international,
drink,
purchase,
myself,
worry,
whatever,
private,
determine,
summer,
evening,
influence,
exactly,
average,
everyone,
drop,
miss,
significant,
production,
inside,
tomorrow,
attempt,
region,
cent,
race,
shall,
contract,
smile,
skill,
medium,
necessary,
economy,
various,
notice,
nature,
population,
key,
nation,
hit,
occur,
plant,
catch,
election,
director,
review,
military,
statement,
worker,
respect,
paint,
capital,
player,
press,
movie,
tax,
environment,
son,
hotel,
size,
item,
image,
drug,
simple,
indeed,
series,
final,
purpose,
window,
treatment,
club,
file,
department,
bus,
wall,
direct,
character,
gain,
fit,
enter,
agreement,
fail,
season,
college,
seek,
achieve,
beautiful,
station,
alone,
below,
clothes,
attend,
success,
argue,
lack,
comment,
option,
pull,
church,
herself,
advantage,
identify,
link,
indicate,
aim,
income,
specific,
floor,
discussion,
associate,
recognize,
tree,
unit,
loss,
mark,
challenge,
depend,
wide,
anyway,
mile,
board,
solution,
clearly,
anyone,
machine,
relation,
marry,
despite,
theory,
introduce,
prove,
ability,
popular,
modern,
doctor,
release,
score,
access,
television,
target,
ready,
strike,
card,
potential,
pattern,
clock,
organize,
village,
nearly,
prefer,
movement,
propose,
guess,
operation,
fear,
hair,
trip,
supply,
quickly,
application,
sleep,
network,
strategy,
interview,
hospital,
husband,
red,
degree,
star,
restaurant,
generally,
author,
yourself,
pressure,
task,
express,
competition,
serious,
reference,
treat,
conclusion,
brother,
natural,
touch,
everybody,
beyond,
define,
basis,
trouble,
deep,
energy,
fish,
dark,
sing,
sample,
refer,
adult,
positive,
except,
disease,
promise,
throw,
dress,
worth,
clean,
fill,
property,
profit,
somebody,
operate,
bar,
advance,
goal,
quarter,
central,
cold,
object,
style,
obviously,
push,
tend,
assume,
normal,
exchange,
suffer,
middle,
blue,
match,
officer,
avoid,
reflect,
useful,
fun,
huge,
instance,
seat,
document,
oil,
message,
net,
successful,
box,
resource,
pound,
throughout,
facility,
argument,
bill,
debate,
speech,
separate,
male,
baby,
earn,
maintain,
career,
hot,
billion,
doubt,
exercise,
previous,
daily,
search,
suddenly,
fly,
basic,
ring,
asset,
science,
dog,
perform,
balance,
song,
weekend,
dead,
encourage,
protect,
damage,
imagine,
afternoon,
estimate,
photo,
context,
newspaper,
credit,
daughter,
variety,
version,
extend,
proposal,
professional,
dollar,
sister,
whom,
memory,
mine,
ahead,
nor,
request,
post,
original,
female,
green,
dance,
dream,
observe,
inform,
communication,
discover,
track,
garden,
agency,
screen